<?xml version="1.0" encoding="UTF-8" standalone="no"?>
<project default="create_run_jar" name="Create Runnable Jar for Project ChkBugReport">
    <!--this file was created by Eclipse Runnable JAR Export Wizard-->
    <!--ANT 1.7 is required                                        -->
    <target name="create_run_jar">

        <!-- First, clean the bin directory -->
        <echo message="Cleanup up the bin dir..."/>
        <mkdir dir="bin"/>
        <delete includeemptydirs="true">
            <fileset dir="bin" includes="**/*"/>
        </delete>

        <!-- Compile the source code -->
        <echo message="Compiling code..."/>
        <javac destdir="bin" debug="true" classpath="libs/ddmlib.jar">
            <src path="src"/>
            <src path="src-pc"/>
        </javac>

        <!-- Copy resources -->
        <echo message="Copy resources..."/>
        <copy todir="bin">
            <fileset dir="res"/>
        </copy>

        <!-- Package the result -->
        <echo message="Packing jar..."/>
        <jar destfile="chkbugreport.jar" filesetmanifest="mergewithoutmain">
            <manifest>
                <attribute name="Main-Class" value="com.sonyericsson.chkbugreport.Main"/>
                <attribute name="Class-Path" value="."/>
            </manifest>
            <fileset dir="bin"/>
        </jar>

        <echo message="Done!"/>
    </target>
</project>
